sentence with keyword;category slug
New Cars, Used Cars, Car Dealers, Prices & Reviews;car
Car and Driver: New Car Reviews, Buying Advice and News;car
Autocar. Car News and Car Reviews;car
CAR magazine website. Reviews. News. Scoops. CAR;car
Used Cars for Sale;car
Europcar: Car Rental - Rent a new Car & Van Worldwide;car
These popular, easy English songs will teach you the language while you sing along;music
Universal pulls its music from website;music
Music Reviews, Articles, Lyrics, Release Calendar and more;music
Freeplay Music. Welcome. The best music library on the planet!;music
